name,mac_address,serial_number,model,pod
M12-POD2-1,34:56:fe:70:05:08,Q2TX-6GGE-DUFS,MS210-48,M12-POD2
M12-POD2-2,34:56:fe:70:03:b8,Q2TX-6G7T-G57L,MS210-48,M12-POD2
M12-POD2-3,34:56:fe:71:59:30,Q2TX-6CZB-47JN,MS210-48,M12-POD2
M12-POD2-4,34:56:fe:70:0c:e8,Q2TX-6J6C-ZD6E,MS210-48,M12-POD2
M12-POD2-5,34:56:fe:70:08:88,Q2TX-6H5Z-B4XV,MS210-48,M12-POD2
M12-POD2-6,34:56:fe:70:0e:70,Q2TX-6JGH-9HWB,MS210-48,M12-POD2
M12-POD2-7,34:56:fe:70:01:f8,Q2TX-6FNY-X7AW,MS210-48,M12-POD2
M12-POD2-8,34:56:fe:70:00:a8,Q2TX-6FDV-CNAG,MS210-48,M12-POD2
M12-POD2-9,34:56:fe:71:47:e8,Q2TX-68U7-TCJQ,MS210-48,M12-POD2
M12-POD2-10,34:56:fe:70:00:38,Q2TX-6FD6-34EV,MS210-48,M12-POD2
M12-POD2-11,34:56:fe:71:39:08,Q2TX-65AQ-A7XK,MS210-48,M12-POD2
M12-POD2-12,34:56:fe:70:02:a0,Q2TX-6FUP-QEPM,MS210-48,M12-POD2
M12-POD2-13,34:56:fe:70:07:70,Q2TX-6GUR-KBHW,MS210-48,M12-POD2
M12-POD2-14,34:56:fe:71:55:40,Q2TX-6BQY-3ZMN,MS210-48,M12-POD2
M12-POD2-15,34:56:fe:71:5c:e8,Q2TX-6E9A-TKQD,MS210-48,M12-POD2
M12-POD2-16,34:56:fe:71:53:f0,Q2TX-6BF3-EQY9,MS210-48,M12-POD2
M12-POD2-17,34:56:fe:71:4f:58,Q2TX-6A6B-J6VF,MS210-48,M12-POD2
M12-POD2-18,34:56:fe:71:51:f8,Q2TX-6AWU-NSZM,MS210-48,M12-POD2
M12-POD2-19,34:56:fe:71:3a:c8,Q2TX-65JN-K9RB,MS210-48,M12-POD2
M12-POD2-20,34:56:fe:71:56:c8,Q2TX-6C6X-LBUC,MS210-48,M12-POD2
M12-POD2-21,34:56:fe:71:4c:b8,Q2TX-69LT-UCTH,MS210-48,M12-POD2
M12-POD2-22,34:56:fe:71:4a:50,Q2TX-696L-9UJ4,MS210-48,M12-POD2
M12-POD2-23,34:56:fe:70:0a:80,Q2TX-6HME-JCJ8,MS210-48,M12-POD2
M12-POD2-24,34:56:fe:71:50:38,Q2TX-6ACR-TWZT,MS210-48,M12-POD2
M12-POD2-25,0c:8d:db:77:56:30,Q2TX-3GGY-LE4H,MS210-48,M12-POD2
M12-POD2-26,0c:8d:db:77:57:b8,Q2TX-3GTZ-YP6E,MS210-48,M12-POD2
M12-POD2-27,0c:8d:db:77:50:b8,Q2TX-3FGR-MW3R,MS210-48,M12-POD2
M12-POD2-28,0c:8d:db:77:5c:c0,Q2TX-3J4F-4KMH,MS210-48,M12-POD2
M12-POD2-29,0c:8d:db:77:58:28,Q2TX-3H2N-B4W4,MS210-48,M12-POD2
M12-POD2-30,0c:8d:db:77:5a:c8,Q2TX-3HKF-RYM7,MS210-48,M12-POD2
M12-POD2-31,0c:8d:db:77:5d:a0,Q2TX-3JAD-DJBP,MS210-48,M12-POD2
M12-POD2-32,0c:8d:db:77:5e:10,Q2TX-3JBS-66BC,MS210-48,M12-POD2
M12-POD2-33,0c:8d:db:77:50:80,Q2TX-3FBD-G23U,MS210-48,M12-POD2
M12-POD2-34,0c:8d:db:77:49:80,Q2TX-3DMK-XKDR,MS210-48,M12-POD2
M12-POD3-1,34:56:fe:71:6f:b8,Q2TX-CFRH-C76J,MS210-48,M12-POD3
M12-POD3-2,34:56:fe:71:6c:70,Q2TX-CFAD-4J58,MS210-48,M12-POD3
M12-POD3-3,e0:cb:bc:ae:73:80,Q2TX-37R9-JN8G,MS210-48,M12-POD3
M12-POD3-4,0c:8d:db:77:47:18,Q2TX-3D4U-KXWN,MS210-48,M12-POD3
M12-POD3-5,0c:8d:db:77:44:b0,Q2TX-3CN4-7KYZ,MS210-48,M12-POD3
M12-POD3-6,e0:cb:bc:ae:82:d0,Q2TX-3BN9-EPEJ,MS210-48,M12-POD3
M12-POD3-7,e0:cb:bc:ae:17:a0,Q2TX-2HFZ-PWUN,MS210-48,M12-POD3
M12-POD3-8,34:56:fe:71:7d:10,Q2TX-CJPN-JVS2,MS210-48,M12-POD3
M12-POD3-9,e0:cb:bc:ae:0c:b0,Q2TX-2F4D-TB2A,MS210-48,M12-POD3
M12-POD3-10,e0:cb:bc:ae:12:d0,Q2TX-2GAH-62TS,MS210-48,M12-POD3
M12-POD3-11,e0:cb:bc:ae:4e:50,Q2TX-2X7P-FCU7,MS210-48,M12-POD3
M12-POD3-12,e0:cb:bc:ae:1f:48,Q2TX-2KH9-7P39,MS210-48,M12-POD3
M12-POD3-13,e0:cb:bc:ae:4e:c0,Q2TX-2XAW-MN3Q,MS210-48,M12-POD3
M12-POD3-14,e0:cb:bc:ae:4d:38,Q2TX-2WLP-R6VJ,MS210-48,M12-POD3
M12-POD3-15,e0:cb:bc:ae:39:18,Q2TX-2S74-9BW6,MS210-48,M12-POD3
M12-POD3-16,e0:cb:bc:ae:42:f0,Q2TX-2U7T-WY26,MS210-48,M12-POD3
M12-POD3-17,e0:cb:bc:ae:54:e0,Q2TX-2Z56-WWQV,MS210-48,M12-POD3
M12-POD3-18,e0:cb:bc:ae:50:10,Q2TX-2XRA-WUUE,MS210-48,M12-POD3
M12-POD3-19,e0:cb:bc:ae:3f:70,Q2TX-2TJG-YRW7,MS210-48,M12-POD3
M12-POD3-20,e0:cb:bc:ae:0d:58,Q2TX-2F9F-N3EU,MS210-48,M12-POD3
M12-POD3-21,e0:cb:bc:ae:4d:70,Q2TX-2WLQ-WZPC,MS210-48,M12-POD3
M12-POD3-22,34:56:fe:71:ad:30,Q2TX-JYUN-QJEF,MS210-48,M12-POD3
M12-POD3-23,0c:8d:db:77:44:08,Q2TX-3CHK-XKUE,MS210-48,M12-POD3
M12-POD3-24,0c:8d:db:77:6d:28,Q2TX-3MTL-XQAD,MS210-48,M12-POD3
M12-POD3-25,0c:8d:db:77:6f:90,Q2TX-3N9K-78KS,MS210-48,M12-POD3
M12-POD3-26,34:56:fe:71:aa:58,Q2TX-JY4M-WBJB,MS210-48,M12-POD3
M12-POD3-27,0c:8d:db:77:6f:58,Q2TX-3N8Z-S6RP,MS210-48,M12-POD3
M12-POD3-28,0c:8d:db:77:46:e0,Q2TX-3D4J-M565,MS210-48,M12-POD3
M12-POD3-29,0c:8d:db:77:7f:f8,Q2TX-3SH8-VZBQ,MS210-48,M12-POD3
M12-POD3-30,0c:8d:db:77:7d:90,Q2TX-3S43-RC4E,MS210-48,M12-POD3
M12-POD3-31,0c:8d:db:77:80:d8,Q2TX-3SPU-KNBS,MS210-48,M12-POD3
M12-POD3-32,0c:8d:db:77:7d:20,Q2TX-3RYZ-EVLX,MS210-48,M12-POD3
M12-POD3-33,0c:8d:db:77:7e:70,Q2TX-3SAL-D87L,MS210-48,M12-POD3
M12-POD3-34,0c:8d:db:77:7c:78,Q2TX-3RRR-E2G5,MS210-48,M12-POD3
M12-POD4-1,34:56:fe:71:70:d0,Q2TX-CG47-FPHA,MS210-48,M12-POD4
M12-POD4-2,34:56:fe:70:95:d8,Q2TX-FSBU-FXFZ,MS210-48,M12-POD4
M12-POD4-3,34:56:fe:70:74:98,Q2TX-FJAU-W8H3,MS210-48,M12-POD4
M12-POD4-4,34:56:fe:71:68:b8,Q2TX-CEJC-KVTE,MS210-48,M12-POD4
M12-POD4-5,34:56:fe:71:7b:50,Q2TX-CHZX-W4G8,MS210-48,M12-POD4
M12-POD4-6,34:56:fe:71:b1:c8,Q2TX-JZVA-3RE2,MS210-48,M12-POD4
M12-POD4-7,e0:cb:bc:ae:83:40,Q2TX-3BQG-WPUT,MS210-48,M12-POD4
M12-POD4-8,34:56:fe:70:6d:28,Q2TX-FGHQ-5797,MS210-48,M12-POD4
M12-POD4-9,0c:8d:db:77:6d:d0,Q2TX-3MYL-CPZW,MS210-48,M12-POD4
M12-POD4-10,34:56:fe:71:8a:68,Q2TX-CN36-RJBH,MS210-48,M12-POD4
M12-POD4-11,34:56:fe:71:a9:78,Q2TX-JXZV-VNNW,MS210-48,M12-POD4
M12-POD4-12,e0:cb:bc:ae:51:d0,Q2TX-2Y9W-KYJU,MS210-48,M12-POD4
M12-POD4-13,e0:cb:bc:ae:1d:18,Q2TX-2JYY-2QA3,MS210-48,M12-POD4
M12-POD4-14,e0:cb:bc:ae:50:48,Q2TX-2XRY-ZBMB,MS210-48,M12-POD4
M12-POD4-15,e0:cb:bc:ae:4f:d8,Q2TX-2XR8-3WES,MS210-48,M12-POD4
M12-POD4-16,e0:cb:bc:ae:1d:f8,Q2TX-2K4V-65LJ,MS210-48,M12-POD4
M12-POD4-17,e0:cb:bc:ae:20:60,Q2TX-2KT7-8WCP,MS210-48,M12-POD4
M12-POD4-18,e0:cb:bc:ae:3f:38,Q2TX-2THW-JKHM,MS210-48,M12-POD4
M12-POD4-19,e0:cb:bc:ae:4f:30,Q2TX-2XHT-PCSC,MS210-48,M12-POD4
M12-POD4-20,e0:cb:bc:ae:07:a8,Q2TX-2DLH-6V7W,MS210-48,M12-POD4
M12-POD4-21,e0:cb:bc:ae:11:80,Q2TX-2G2G-XU6B,MS210-48,M12-POD4
M12-POD4-22,e0:cb:bc:ae:0c:e8,Q2TX-2F83-SVYM,MS210-48,M12-POD4
M12-POD4-23,e0:cb:bc:ae:20:28,Q2TX-2KPR-M4HC,MS210-48,M12-POD4
M12-POD4-24,34:56:fe:71:9b:e8,Q2TX-JUGW-3Q3X,MS210-48,M12-POD4
M12-POD4-25,34:56:fe:71:83:30,Q2TX-CLGC-7FFF,MS210-48,M12-POD4
M12-POD4-26,e0:cb:bc:ae:12:98,Q2TX-2G86-KFUM,MS210-48,M12-POD4
M12-POD4-27,e0:cb:bc:ae:3a:68,Q2TX-2SFU-VACH,MS210-48,M12-POD4
M12-POD4-28,e0:cb:bc:ae:15:38,Q2TX-2GR6-VQK3,MS210-48,M12-POD4
M12-POD4-29,e0:cb:bc:ae:0c:78,Q2TX-2EYT-XG9B,MS210-48,M12-POD4
M12-POD4-30,e0:cb:bc:ae:0f:18,Q2TX-2FGF-99DK,MS210-48,M12-POD4
M12-POD4-31,e0:cb:bc:ae:74:28,Q2TX-37SN-CRUW,MS210-48,M12-POD4
M12-POD4-32,e0:cb:bc:ae:80:a0,Q2TX-3AY9-FHAR,MS210-48,M12-POD4
M12-POD4-33,0c:8d:db:77:7b:60,Q2TX-3RLA-XH58,MS210-48,M12-POD4
M12-POD4-34,0c:8d:db:77:77:a8,Q2TX-3QDJ-NCFV,MS210-48,M12-POD4
M13-POD1-1,e0:cb:bc:ae:7c:b0,Q2TX-39TN-B6WH,MS210-48,M13-POD1
M13-POD1-2,e0:cb:bc:ae:7c:08,Q2TX-39RR-T94X,MS210-48,M13-POD1
M13-POD1-3,0c:8d:db:77:5f:60,Q2TX-3JQA-73Z3,MS210-48,M13-POD1
M13-POD1-4,e0:cb:bc:ae:70:70,Q2TX-3778-9FRK,MS210-48,M13-POD1
M13-POD1-5,e0:cb:bc:ae:76:20,Q2TX-38F2-3S9U,MS210-48,M13-POD1
M13-POD1-6,0c:8d:db:77:43:28,Q2TX-3CEM-EDF6,MS210-48,M13-POD1
M13-POD1-7,e0:cb:bc:ae:a6:b0,Q2TX-6WKR-FFTA,MS210-48,M13-POD1
M13-POD1-8,e0:cb:bc:ae:78:88,Q2TX-38YB-MDPV,MS210-48,M13-POD1
M13-POD1-9,0c:8d:db:77:42:f0,Q2TX-3CDX-V7ML,MS210-48,M13-POD1
M13-POD1-10,0c:8d:db:77:83:e8,Q2TX-3TDU-TF65,MS210-48,M13-POD1
M13-POD1-11,0c:8d:db:77:5e:f0,Q2TX-3JFK-H9ZK,MS210-48,M13-POD1
M13-POD1-12,0c:8d:db:77:8d:18,Q2TX-3VG3-T6J4,MS210-48,M13-POD1
M13-POD1-13,0c:8d:db:77:48:a0,Q2TX-3DJA-B8GU,MS210-48,M13-POD1
M13-POD1-14,0c:8d:db:77:48:68,Q2TX-3DHE-VRGK,MS210-48,M13-POD1
M13-POD1-15,0c:8d:db:77:45:20,Q2TX-3CNM-QR54,MS210-48,M13-POD1
M13-POD1-16,0c:8d:db:77:63:18,Q2TX-3KPD-AZ7L,MS210-48,M13-POD1
M13-POD1-17,0c:8d:db:77:81:b8,Q2TX-3SVG-N34X,MS210-48,M13-POD1
M13-POD1-18,e0:cb:bc:ae:86:50,Q2TX-6PH8-3AZU,MS210-48,M13-POD1
M13-POD1-19,e0:cb:bc:ae:7f:c0,Q2TX-3ATD-VYRW,MS210-48,M13-POD1
M13-POD1-20,e0:cb:bc:ae:72:30,Q2TX-37KB-S5WJ,MS210-48,M13-POD1
M13-POD1-21,0c:8d:db:77:91:b0,Q2TX-3WB6-3TUN,MS210-48,M13-POD1
M13-POD1-22,0c:8d:db:77:8e:a0,Q2TX-3VNU-STTF,MS210-48,M13-POD1
M13-POD1-23,0c:8d:db:77:8a:e8,Q2TX-3V6E-W3RC,MS210-48,M13-POD1
M13-POD1-24,0c:8d:db:77:41:d8,Q2TX-3C7P-625B,MS210-48,M13-POD1
M13-POD1-25,0c:8d:db:77:46:70,Q2TX-3D2M-EFCB,MS210-48,M13-POD1
M13-POD1-26,0c:8d:db:77:8b:58,Q2TX-3V8E-P2S3,MS210-48,M13-POD1
M13-POD1-27,0c:8d:db:77:86:18,Q2TX-3TXK-P7JA,MS210-48,M13-POD1
M13-POD1-28,e0:cb:bc:ae:80:30,Q2TX-3AWH-2ZBM,MS210-48,M13-POD1
M13-POD1-29,0c:8d:db:77:8d:88,Q2TX-3VKH-P32D,MS210-48,M13-POD1
M13-POD1-30,0c:8d:db:77:8b:90,Q2TX-3VAR-45KY,MS210-48,M13-POD1
M13-POD1-31,0c:8d:db:77:8e:d8,Q2TX-3VP4-EBAD,MS210-48,M13-POD1
M13-POD1-32,0c:8d:db:77:8f:80,Q2TX-3VW3-ARNR,MS210-48,M13-POD1
M13-POD1-33,e0:cb:bc:ae:84:20,Q2TX-3BWL-NB98,MS210-48,M13-POD1
M13-POD1-34,e0:cb:bc:ae:a3:a0,Q2TX-6VPS-LZ2U,MS210-48,M13-POD1
M13-POD2-1,e0:cb:bc:ae:a6:e8,Q2TX-6WL9-MKEJ,MS210-48,M13-POD2
M13-POD2-2,e0:cb:bc:ae:86:f8,Q2TX-6PKP-Q9CF,MS210-48,M13-POD2
M13-POD2-3,e0:cb:bc:ae:88:48,Q2TX-6PQW-T6XA,MS210-48,M13-POD2
M13-POD2-4,e0:cb:bc:ae:86:c0,Q2TX-6PKJ-GY2U,MS210-48,M13-POD2
M13-POD2-5,0c:8d:db:77:65:48,Q2TX-3KZT-V2ZK,MS210-48,M13-POD2
M13-POD2-6,0c:8d:db:77:67:b0,Q2TX-3LFW-JK5L,MS210-48,M13-POD2
M13-POD2-7,0c:8d:db:77:66:98,Q2TX-3L9M-8YNS,MS210-48,M13-POD2
M13-POD2-8,0c:8d:db:77:64:30,Q2TX-3KY8-HJ6W,MS210-48,M13-POD2
M13-POD2-9,0c:8d:db:77:65:80,Q2TX-3L2J-RGGF,MS210-48,M13-POD2
M13-POD2-10,0c:8d:db:77:62:70,Q2TX-3KL7-LFSJ,MS210-48,M13-POD2
M13-POD2-11,0c:8d:db:77:63:50,Q2TX-3KQ5-WR25,MS210-48,M13-POD2
M13-POD2-12,0c:8d:db:77:63:c0,Q2TX-3KSN-ZYJ8,MS210-48,M13-POD2
M13-POD2-13,0c:8d:db:77:65:10,Q2TX-3KZQ-UVTV,MS210-48,M13-POD2
M13-POD2-14,0c:8d:db:77:61:c8,Q2TX-3KGX-QDFG,MS210-48,M13-POD2
M13-POD2-15,0c:8d:db:77:82:28,Q2TX-3SXA-4QZ8,MS210-48,M13-POD2
M13-POD2-16,0c:8d:db:77:86:50,Q2TX-3U4H-FKF6,MS210-48,M13-POD2
M13-POD2-17,0c:8d:db:77:82:60,Q2TX-3T3G-66KC,MS210-48,M13-POD2
M13-POD2-18,0c:8d:db:77:68:c8,Q2TX-3LTU-4GQJ,MS210-48,M13-POD2
M13-POD2-19,0c:8d:db:77:65:f0,Q2TX-3L4Y-PPAQ,MS210-48,M13-POD2
M13-POD2-20,0c:8d:db:77:81:f0,Q2TX-3SW9-G2VX,MS210-48,M13-POD2
M13-POD2-21,0c:8d:db:77:82:d0,Q2TX-3TAE-LDMY,MS210-48,M13-POD2
M13-POD2-22,0c:8d:db:77:69:38,Q2TX-3LZ3-TDVT,MS210-48,M13-POD2
M13-POD2-23,0c:8d:db:77:67:e8,Q2TX-3LJU-AK6A,MS210-48,M13-POD2
M13-POD2-24,0c:8d:db:77:69:a8,Q2TX-3M27-9EY3,MS210-48,M13-POD2
M13-POD2-25,0c:8d:db:77:8e:68,Q2TX-3VMQ-9L8Q,MS210-48,M13-POD2
M13-POD2-26,0c:8d:db:77:93:70,Q2TX-3WKH-ZX9C,MS210-48,M13-POD2
M13-POD2-27,0c:8d:db:77:8c:e0,Q2TX-3VG3-G2WZ,MS210-48,M13-POD2
M13-POD2-28,0c:8d:db:77:91:08,Q2TX-3W6E-B8RB,MS210-48,M13-POD2
M13-POD2-29,0c:8d:db:77:8a:40,Q2TX-3V23-BMB7,MS210-48,M13-POD2
M13-POD2-30,0c:8d:db:77:92:90,Q2TX-3WEB-4JUS,MS210-48,M13-POD2
M13-POD2-31,0c:8d:db:77:83:40,Q2TX-3TC2-ZWWM,MS210-48,M13-POD2
M13-POD2-32,0c:8d:db:77:89:d0,Q2TX-3UVQ-TDUE,MS210-48,M13-POD2
M13-POD2-33,0c:8d:db:77:84:58,Q2TX-3TFN-42ZW,MS210-48,M13-POD2
M13-POD2-34,0c:8d:db:77:81:80,Q2TX-3SUZ-MTDN,MS210-48,M13-POD2
M13-POD3-01,0c:8d:db:77:73:b8,Q2TX-3PC9-W95A,MS210-48,M13-POD3
M13-POD3-02,0c:8d:db:77:7d:58,Q2TX-3RZK-3RQZ,MS210-48,M13-POD3
M13-POD3-03,0c:8d:db:77:79:d8,Q2TX-3R2A-LP5K,MS210-48,M13-POD3
M13-POD3-04,0c:8d:db:77:6c:b8,Q2TX-3MSS-7HZ8,MS210-48,M13-POD3
M13-POD3-05,0c:8d:db:77:6e:78,Q2TX-3N3C-MR6S,MS210-48,M13-POD3
M13-POD3-06,0c:8d:db:77:71:18,Q2TX-3NKK-3LMP,MS210-48,M13-POD3
M13-POD3-07,0c:8d:db:77:72:30,Q2TX-3NTP-MXEC,MS210-48,M13-POD3
M13-POD3-08,0c:8d:db:77:70:e0,Q2TX-3NJP-4BCX,MS210-48,M13-POD3
M13-POD3-09,0c:8d:db:77:75:40,Q2TX-3PQX-V5V4,MS210-48,M13-POD3
M13-POD3-10,0c:8d:db:77:7a:10,Q2TX-3R35-5NUX,MS210-48,M13-POD3
M13-POD3-11,0c:8d:db:77:7e:38,Q2TX-3S9W-CEEE,MS210-48,M13-POD3
M13-POD3-12,0c:8d:db:77:7e:a8,Q2TX-3SBS-NEPN,MS210-48,M13-POD3
M13-POD3-13,0c:8d:db:77:6a:50,Q2TX-3M77-F7WE,MS210-48,M13-POD3
M13-POD3-14,0c:8d:db:77:75:78,Q2TX-3PR9-EP3E,MS210-48,M13-POD3
M13-POD3-15,0c:8d:db:77:72:a0,Q2TX-3NWE-YNZV,MS210-48,M13-POD3
M13-POD3-16,0c:8d:db:77:6f:20,Q2TX-3N74-CC4N,MS210-48,M13-POD3
M13-POD3-17,0c:8d:db:77:73:f0,Q2TX-3PCF-29GD,MS210-48,M13-POD3
M13-POD3-18,0c:8d:db:77:75:b0,Q2TX-3PTX-ZB33,MS210-48,M13-POD3
M13-POD3-19,e0:cb:bc:ae:6e:b0,Q2TX-36SU-2FXB,MS210-48,M13-POD3
M13-POD3-20,e0:cb:bc:ae:37:c8,Q2TX-2RVQ-28AC,MS210-48,M13-POD3
M13-POD3-21,e0:cb:bc:ae:61:c8,Q2TX-344J-C3TJ,MS210-48,M13-POD3
M13-POD3-22,e0:cb:bc:ae:65:10,Q2TX-34W4-EHS9,MS210-48,M13-POD3
M13-POD3-23,0c:8d:db:77:7a:80,Q2TX-3RES-MU88,MS210-48,M13-POD3
M13-POD3-24,0c:8d:db:77:79:68,Q2TX-3QUC-3AZJ,MS210-48,M13-POD3
M13-POD3-25,0c:8d:db:77:79:30,Q2TX-3QTQ-HZT3,MS210-48,M13-POD3
M13-POD3-26,e0:cb:bc:ae:39:f8,Q2TX-2SBV-LU6W,MS210-48,M13-POD3
M13-POD3-27,e0:cb:bc:ae:38:a8,Q2TX-2RZF-69DS,MS210-48,M13-POD3
M13-POD3-28,e0:cb:bc:ae:60:08,Q2TX-33GJ-NZSS,MS210-48,M13-POD3
M13-POD3-29,e0:cb:bc:ae:64:30,Q2TX-34KK-CYDJ,MS210-48,M13-POD3
M13-POD3-30,0c:8d:db:77:79:a0,Q2TX-3QUX-ECM5,MS210-48,M13-POD3
M13-POD3-31,0c:8d:db:77:78:c0,Q2TX-3QQE-UPU2,MS210-48,M13-POD3
M13-POD3-32,0c:8d:db:77:78:50,Q2TX-3QLU-DA5D,MS210-48,M13-POD3
M13-POD3-33,e0:cb:bc:ae:6d:60,Q2TX-36LE-T7WS,MS210-48,M13-POD3
M13-POD3-34,e0:cb:bc:ae:68:20,Q2TX-35J3-ZHX2,MS210-48,M13-POD3
M13-POD4-1,e0:cb:bc:ae:26:b8,Q2TX-2MAB-Y655,MS210-48,M13-POD4
M13-POD4-2,0c:8d:db:77:7b:d0,Q2TX-3RPJ-WP3N,MS210-48,M13-POD4
M13-POD4-3,e0:cb:bc:ae:47:f8,Q2TX-2VHG-9RVM,MS210-48,M13-POD4
M13-POD4-4,0c:8d:db:77:77:38,Q2TX-3Q9A-7USM,MS210-48,M13-POD4
M13-POD4-5,0c:8d:db:77:78:18,Q2TX-3QKB-A62A,MS210-48,M13-POD4
M13-POD4-6,0c:8d:db:77:76:c8,Q2TX-3Q2M-EEM8,MS210-48,M13-POD4
M13-POD4-7,0c:8d:db:77:7c:40,Q2TX-3RR3-G3R7,MS210-48,M13-POD4
M13-POD4-8,0c:8d:db:77:81:48,Q2TX-3SUU-7WJ2,MS210-48,M13-POD4
M13-POD4-9,0c:8d:db:77:7a:b8,Q2TX-3RFW-KJLR,MS210-48,M13-POD4
M13-POD4-10,e0:cb:bc:ae:06:20,Q2TX-2DC2-WYX3,MS210-48,M13-POD4
M13-POD4-11,e0:cb:bc:ae:04:d0,Q2TX-2D82-UD4D,MS210-48,M13-POD4
M13-POD4-12,e0:cb:bc:ae:47:88,Q2TX-2VEY-Y4J3,MS210-48,M13-POD4
M13-POD4-13,e0:cb:bc:ae:47:50,Q2TX-2VET-CK35,MS210-48,M13-POD4
M13-POD4-14,e0:cb:bc:ae:29:20,Q2TX-2N38-8K7M,MS210-48,M13-POD4
M13-POD4-15,e0:cb:bc:ae:22:58,Q2TX-2LBE-X8FV,MS210-48,M13-POD4
M13-POD4-16,e0:cb:bc:ae:22:c8,Q2TX-2LG2-NV8G,MS210-48,M13-POD4
M13-POD4-17,e0:cb:bc:ae:4a:60,Q2TX-2W2J-N9LK,MS210-48,M13-POD4
M13-POD4-18,e0:cb:bc:ae:69:a8,Q2TX-35XE-QRBL,MS210-48,M13-POD4
M13-POD4-19,e0:cb:bc:ae:36:b0,Q2TX-2RP4-C8RX,MS210-48,M13-POD4
M13-POD4-20,e0:cb:bc:ae:35:98,Q2TX-2REC-P2CA,MS210-48,M13-POD4
M13-POD4-21,e0:cb:bc:ae:00:00,Q2TX-2C42-NVZ3,MS210-48,M13-POD4
M13-POD4-22,e0:cb:bc:ae:2b:88,Q2TX-2NK6-L9EH,MS210-48,M13-POD4
M13-POD4-23,e0:cb:bc:ae:05:b0,Q2TX-2DB6-W57R,MS210-48,M13-POD4
M13-POD4-24,e0:cb:bc:ae:2f:b0,Q2TX-2PUW-Y56Y,MS210-48,M13-POD4
M13-POD4-25,e0:cb:bc:ae:5b:70,Q2TX-32B9-T5CP,MS210-48,M13-POD4
M13-POD4-26,e0:cb:bc:ae:32:f8,Q2TX-2QWE-LWC2,MS210-48,M13-POD4
M13-POD4-27,e0:cb:bc:ae:54:38,Q2TX-2Z3E-Z8GY,MS210-48,M13-POD4
M13-POD4-28,e0:cb:bc:ae:56:30,Q2TX-2Z9T-44CJ,MS210-48,M13-POD4
M13-POD4-29,e0:cb:bc:ae:31:a8,Q2TX-2QM7-VV26,MS210-48,M13-POD4
M13-POD4-30,e0:cb:bc:ae:62:a8,Q2TX-348M-MU4S,MS210-48,M13-POD4
M13-POD4-31,e0:cb:bc:ae:65:b8,Q2TX-358W-SU9Q,MS210-48,M13-POD4
M13-POD4-32,e0:cb:bc:ae:2f:08,Q2TX-2PKE-LNW8,MS210-48,M13-POD4
M13-POD4-33,e0:cb:bc:ae:6c:80,Q2TX-36DU-JWVU,MS210-48,M13-POD4
M13-POD4-34,e0:cb:bc:ae:2d:10,Q2TX-2P5V-G8MH,MS210-48,M13-POD4
